sepall,sepalw,petall,petalw,class
0.6388888888888887,0.3749999999999999,0.6101694915254237,0.5,Iris-versicolor
0.22222222222222213,0.6249999999999999,0.06779661016949151,0.04166666666666667,Iris-setosa
0.5555555555555555,0.5416666666666665,0.8474576271186439,1.0,Iris-virginica
0.4166666666666666,0.2916666666666667,0.6949152542372881,0.75,Iris-virginica
0.8333333333333333,0.3749999999999999,0.8983050847457626,0.7083333333333334,Iris-virginica
0.5555555555555555,0.3333333333333332,0.6949152542372881,0.5833333333333334,Iris-virginica
